,index,CASE,A501x01,A501x02,A501x03,A501x04,A501x05,A501x06,A501x07,A501x08,A501x09,A501x10,translated_words,DAT
0,1.0,533,Hammer,Sonne,Toilette,Rasenmäher,Farbe,Fingernagel,Haaransatz ,Mathematik,Geschlechtsverkehr,Augenblick ,"['hammer', 'Sun', 'Toilet', 'mowing machine', 'Color', 'fingernail', 'Hairline', 'mathematics', 'Sexual intercourse', 'moment']",82.7945
1,2.0,538,Tisch,Auto,Buch,Regenbogen,Trommel,Fussball,Urlaub,Freunde,Ameise,Essen,"['Table', 'automobile', 'Book', 'Rainbow', 'drum', 'Football', 'Vacation', 'Friends', 'ant', 'Eat']",82.23865
2,3.0,540,Pflanze,Fahrrad,Universität,Fußball,Eiswürfel,Rasenmäher,Huhn,Computer,Haarklammer,Taschenlampe,"['plant', 'Bicycle', 'university', 'football', 'Ice cubes', 'mowing machine', 'Chicken', 'computer', 'hair clip', 'flashlight']",80.583015
3,4.0,544,Wolken,Reh,Hotel,Revolution,Wähler,Sondermüll,Antwort,Kontrolle,Kerze,Reihe,"['Clouds', 'Deer', 'hotel', 'revolution', 'Voters', 'Hazardous waste', 'Answer', 'control', 'Candle', 'Row']",83.12324
4,5.0,548,Katze,Tisch,Pflanze,Hose,Zucchini ,Himbeere ,Holz,Absinth ,Teddybär ,Fernseher ,"['Cat', 'Table', 'plant', 'trousers', 'zucchini', 'raspberry', 'Wood', 'absinthe', 'teddy bear', 'TV']",78.542175
5,6.0,550,Baum,Flasche,Zug,Maus,Eingang,Reise,Fußball,Funktion,Anlass,Behauptung,"['Tree', 'Bottle', 'Train', 'Mouse', 'Entrance', 'Trip', 'football', 'function', 'Occasion', 'claim']",78.978065
6,7.0,553,Auto,Vokabel,Rahmenbedingung,Potenzial,Institution,Vorteilhaftigkeit,Farbschema,Karotte,Fahrtüchtigkeit,Vater,"['automobile', 'Vocabulary', 'Framework', 'potential', 'institution', 'Advantageousness', 'Color scheme', 'carrot', 'Ability to drive', 'Father']",82.89932
7,8.0,555,Haus,Essen,Konzert,Tiefsee,Schwarzes Loch,Mikroskop,Superheld,Schwarzwald,Atomenergie,Maus,"['House', 'Eat', 'concert', 'Deep sea', 'Black hole', 'microscope', 'superhero', 'Black Forest', 'Nuclear energy', 'Mouse']",86.53321
8,9.0,562,Tisch,Fussball,Wald,Schloss,Natur,Behörde,Land,Spanien,Eier,Avocado,"['Table', 'Football', 'Forest', 'Lock', 'Nature', 'authority', 'country', 'Spain', 'Eggs', 'avocado']",74.47163
9,10.0,564,Zoo,Kaffetasse,Blumen,Tannenzapfen,Regenbogen,Ozean,Büroklammer,Tapetenkleister,Krone,Feuer,"['zoo', 'Coffee cup', 'Flowers', 'pinecone', 'Rainbow', 'ocean', 'paper clip', 'Wallpaper paste', 'Crown', 'Fire']",85.80215
10,11.0,567,Gießkanne,Aktienmarkt,Kirche,Wal,Mond,Nudeln,Sporthalle,Pullover,Bordstein,Zahnbürste,"['watering can', 'Stock market', 'Church', 'whale', 'moon', 'Pasta', 'Gym', 'pullover', 'curb', 'toothbrush']",85.14218
11,12.0,568,Isolationswohnhaft,Freiheit,Verachtsamkeit,Ananas,Wolke,Uran,Fragebogen,Rakete,Tiefseefisch,Nasenfluegel,"['Isolation living', 'Freedom', 'Contemptuousness', 'pineapple', 'Cloud', 'uranium', 'questionnaire', 'rocket', 'Deep sea fish', 'Nostrils']",92.60949
12,13.0,571,Haus,Wind,Fahrrad,Katze,Sprung,Bibel,Konzentration,Medikament,Abbruch,Korkenzieher,"['House', 'wind', 'Bicycle', 'Cat', 'Leap', 'Bible', 'concentration', 'drug', 'cancellation', 'corkscrew']",80.77161
13,15.0,578,Antarktis,Gott,Zündspule,Fäulnis,Unterschied,Trugschluss,Hundehütte,Liederabend,Brutzeit,Kommunismus,"['Antarctic', 'God', 'ignition coil', 'Rot', 'Difference', 'Fallacy', 'Doghouse', 'Recital', 'Breeding season', 'communism']",89.67953
14,16.0,580,Haus,Zug,Sportschuh,Ehering,Bibel,Mathematik,Grundschule,Zahnarzt,Telefon,Kamera,"['House', 'Train', 'Sports shoe', 'Wedding ring', 'Bible', 'mathematics', 'Primary school', 'dentist', 'phone', 'camera']",80.97849
15,17.0,582,Hund,Wasser,Regenbogen,Bilanz,Organ,Steckdose,Buchstabe,Tomate,Farbe,Schwerkraft,"['Dog', 'Water', 'Rainbow', 'Balance sheet', 'organ', 'Power outlet', 'Letter', 'tomato', 'Color', 'Gravity']",78.018616
16,18.0,585,Universität,Sonnenschein,Krankheit,Ohrring,Intelligenz,Freude,Farbe,Masse,Wärme,Kunst,"['university', 'sunshine', 'Illness', 'Earring', 'intelligence', 'Joy', 'Color', 'Dimensions', 'warmth', 'Art']",81.86467
17,19.0,586,Tisch,Fisch,Sonne,Film,Mathematik,Hungernot,Dünger,Therapie,Dachziegel,Ausdauer,"['Table', 'Fish', 'Sun', 'Movie', 'mathematics', 'Famine', 'fertilizer', 'therapy', 'Roof tiles', 'Endurance']",85.069534
18,20.0,588,Geld,Mindset,Erfolg ,Selbstständigkeit,Vertrauen,Disziplin,Ansehen,Unternehmen,Mann,Frau,"['Money', 'Mindset', 'Success', 'independence', 'Trust', 'discipline', 'View', 'Pursue', 'Man', 'Woman']",65.86448
19,21.0,591,Penis,Tomate ,Gras ,VW Bus ,Salat ,Griechenland ,Abseits ,Fenster,Kette,Auspuff,"['penis', 'tomato', 'grass', 'VW Bus', 'salad', 'Greece', 'Offside', 'Window', 'Chain', 'Exhaust']",82.23787
20,22.0,597,Auto ,Sonnenblume ,Bett ,Kugelschreiber ,Küchenwaage ,Erdnuss ,Zahnpasta ,Kaffeebohne ,Erdbeere ,Jeans ,"['automobile', 'Sunflower', 'Bed', 'Ballpoint pen', 'Kitchen scales', 'peanut', 'toothpaste', 'Coffee bean', 'strawberry', 'Jeans']",74.55872
21,23.0,599,Ente ,Schraubenzieher ,Auto,Schwimmbad,Teppich ,Trinkflasche,Straßenbahn,Stuhlbein,Musikbox ,Staub,"['duck', 'screwdriver', 'automobile', 'Swimming pool', 'Carpet', 'Drinking bottle', 'tram', 'Chair leg', 'Jukebox', 'Dust']",85.134995
22,24.0,600,Fußball,Oktopus,Großmutter,Sessel,Fahrradtour,Joint,Saxophon,Bahnhaltestelle,Orchidee,Schublade,"['football', 'Octopus', 'grandmother', 'Armchair', 'Bike tour', 'joint', 'saxophone', 'Train station', 'orchid', 'Drawer']",88.84402
23,25.0,603,Taschenrechner,Banane,Trinkflasche,Handyhülle,Tapete,Muttermal,Bettdecke,Zahl,Balken,Kreditkarte ,"['calculator', 'banana', 'Drinking bottle', 'Phone case', 'wallpaper', 'birthmark', 'Duvet', 'Number', 'bar', 'Credit card']",86.49481
24,26.0,608,Auto,Balkon,Fußboden,Sonnenliege,Verstand,Leber,Rose,Putzlappen,Rinde,Bratwurst,"['automobile', 'balcony', 'floor', 'Sun lounger', 'understanding', 'liver', 'rose', 'cleaning rags', 'bark', 'bratwurst']",82.591835
25,27.0,612,Haus,Auto,Idee,Buch,Wetter,See,Liebe ,Bekleidung,Glück,Kunst,"['House', 'automobile', 'idea', 'Book', 'Weather', 'lake', 'Love', 'clothing', 'Luck', 'Art']",71.542206
26,28.0,615,Haus,Baum,Hund,Turnhalle,Drucker,Strand,Wolle,Stift,Grün,Ball,"['House', 'Tree', 'Dog', 'gym', 'Printer', 'Beach', 'Wool', 'Pen', 'Green', 'ball']",75.97499
27,29.0,617,Vokabular,Gefahr,Freude,Chemie,Kirche,Liste,Abfahrt,Streit,Banane,Küche,"['vocabulary', 'Danger', 'Joy', 'Chemistry', 'Church', 'list', 'Departure', 'Fight', 'banana', 'Kitchen']",80.36229
28,30.0,620,Wasser,Handball,Stern,Haare,Fenster,Gesellschafter,Schlange,Socken,Rechner,Birke,"['Water', 'Handball', 'star', 'Hair', 'Window', 'Shareholders', 'Snake', 'Socks', 'calculator', 'birch']",87.41379
29,31.0,624,Farbe,Ästhtetik,Qualität,Erfolg,Nutzen,Neugierde ,Arbeitslosigkeit,Frieden,Kirche,Nachtschlaf,"['Color', 'Aesthetics', 'Quality', 'Success', 'To use', 'curiosity', 'unemployment', 'Peace', 'Church', 'Night sleep']",77.69623
30,32.0,629,Hose,Kreide,iPad ,Teppich,Baum,Auto,Gesicht,Hund,Treten,Schuss,"['trousers', 'chalk', 'iPad', 'Carpet', 'Tree', 'automobile', 'Face', 'Dog', 'Step', 'shot']",77.22621
31,33.0,654,Liebe,Straße,Mathe,Wolke,Handy,Blatt,Lampe,Land,Krebs,Bunt,"['Love', 'Street', 'maths', 'Cloud', 'mobile', 'Sheet', 'lamp', 'country', 'Cancer', 'Colorful']",82.31926
32,34.0,657,Bruttosozialprodukt,Birke,Stabhochsprung,Theorie,Luftdruck,Krematorium,Sehnsucht,Garnitur,Tapete,Tonspur,"['Gross national product', 'birch', 'Pole vault', 'theory', 'Air pressure', 'crematorium', 'Longing', 'set', 'wallpaper', 'soundtrack']",87.95797
33,36.0,659,Kerze,Berg,Toilette,Fahrrad,Hausschuh,Hagel,Darm,Huhn,Erdbeere,Alien,"['Candle', 'Mountain', 'Toilet', 'Bicycle', 'slipper', 'hail', 'Colon', 'Chicken', 'strawberry', 'Alien']",83.10153
34,37.0,661,Berlin,Wellensittich,Küche,Nadelstreifenanzug,Golfschläger,Theorie,Verantwortung,Bronze,Gabelstapler,Schwäche,"['Berlin', 'Budgerigar', 'Kitchen', 'Pinstripe suit', 'Golf clubs', 'theory', 'Responsibility', 'Bronze', 'Forklift', 'weakness']",92.68795
35,38.0,665,Banane,Hängematte,Musik,Blau,Freude,Haare,Ethnie,Lebenserfahrung,Kuscheln,Fesseln,"['banana', 'hammock', 'Music', 'Blue', 'Joy', 'Hair', 'Ethnicity', 'life experience', 'Cuddle', 'Tie up']",80.428345
36,39.0,666,Salat,Beton,Kirche,Bettenlager,Salami,Quadratwurzel,Unterwäsche,Wasserglas,Angelrute,Wimpernlifting,"['salad', 'concrete', 'Church', 'Bed storage', 'salami', 'square root', 'underwear', 'Water glass', 'rod', 'Eyelash lifting']",88.44475
37,40.0,669,Universum ,Kiste ,Luft ,Kieselstein,Vorbereitung ,Prokrastination,Käfer ,Hai,Langeweile ,Stress ,"['universe', 'Box', 'Air', 'pebble', 'Preparation', 'Procrastination', 'Beetle', 'Shark', 'boredom', 'stress']",87.7687
38,41.0,673,Baum,Eis,Hund,Schuh,Jacke,Haare,Kaffee,Tennis,Flugzeug,Ball,"['Tree', 'Ice', 'Dog', 'shoe', 'Jacket', 'Hair', 'Coffee', 'tennis', 'Airplane', 'ball']",70.87654
39,42.0,676,Baum,Computer,Penis,Reis,Stein,Pflaume ,Krone,Epilierer,Pilz,Filz,"['Tree', 'computer', 'penis', 'rice', 'Stone', 'plum', 'Crown', 'epilator', 'Mushroom', 'felt']",78.10169
40,43.0,685,Plebiszit,Tellermine,Larmoyanz,Ästhetik,Universalismus,Charakterstärke,Weltschmerz,Durchsetzungsvermögen,Globus,Zivildienst,"['plebiscite', 'landmine', 'Sentimental', 'aesthetics', 'Universalism', 'Strength of character', 'World Pain', 'Assertiveness', 'globe', 'Community service']",87.45672
41,44.0,688,Baum,Versicherung,Fuß,Golf,Moral,Farbe,Hass,Gott,Seestern,Windrad,"['Tree', 'Insurance', 'Foot', 'golf', 'Moral', 'Color', 'hate', 'God', 'starfish', 'windmill']",80.172714
42,46.0,690,Arzt,Müllabfuhr,Kino,Heizung,Tulpe,Ritterburg,Tasse,Rutsche,Bibel,Aristokratie,"['Physician', 'Garbage collection', 'movie theater', 'Heating', 'tulip', 'Knights Castle', 'Cup', 'slide', 'Bible', 'aristocracy']",90.511086
43,48.0,696,Eisenstange,Pferdewiese,Computer,Strohhalm,Liebe,Schach,Kies,Wolke,Fliesenleger,Brezel,"['iron bar', 'Horse meadow', 'computer', 'drinking straw', 'Love', 'Chess', 'gravel', 'Cloud', 'Tiler', 'pretzel']",90.501335
44,50.0,716,Geige,Wohnung,Schreibtisch,Arbeit,Universität,Lebensmittel,Kutlur,Musik,Freundschaft,Liebe,"['violin', 'Apartment', 'Desk', 'Work', 'university', 'Groceries', 'Culture', 'Music', 'Friendship', 'Love']",78.96318
45,51.0,717,Baum,Nase,Vertrauen,Schalter,Entzündung,Wasser,Wettlauf,Geschichte,Anstand,Tinte,"['Tree', 'Nose', 'Trust', 'Switch', 'inflammation', 'Water', 'race', 'Story', 'Decency', 'ink']",80.40826
46,52.0,719,Pinguin,Vodka,Insel,Tee,Wüstensand,Sonnenuntergang,Staatsexamen,Buchenhecke,Tischler,Fußball,"['penguin', 'Vodka', 'Island', 'tea', 'Desert sand', 'sunset', 'State examination', 'Beech hedge', 'Carpenter', 'football']",80.6088
47,53.0,721,Lexikon ,Igel,Torte ,Ski ,Lied,Bus,Decke,Gebet,Boden,Gelbstich ,"['Dictionary', 'Hedgehog', 'cake', 'ski', 'song', 'bus', 'Ceiling', 'prayer', 'Floor', 'Yellow tint']",86.03765
48,54.0,722,Katze,Schraubenzieher,Banane,Flugzeug,Stein,Geldschein,Plastikschüssel,Dachdecker,Stromleitung,Leder,"['Cat', 'screwdriver', 'banana', 'Airplane', 'Stone', 'banknote', 'Plastic bowl', 'roofer', 'power line', 'leather']",87.44658
49,55.0,726,Zug,Berg,Fluss,Ball,Wassermelone ,Kuh,Wohnung,Flugzeug,Mathematik ,Stern,"['Train', 'Mountain', 'Flow', 'ball', 'Watermelon', 'Cow', 'Apartment', 'Airplane', 'mathematics', 'star']",79.663605
50,56.0,729,Hose ,Banane ,Tisch ,Flugzeug,Regenschirm ,Haus ,Elefant ,Blume ,Fußball ,Kopf ,"['trousers', 'banana', 'Table', 'Airplane', 'umbrella', 'House', 'elephant', 'flower', 'football', 'Head']",76.25031
51,57.0,735,Baum,Motorrad,Teilchenbeschleuniger,Sandburg,Gleichstellungsbeauftragte,Sprachmemo,Abrieb,Lederale,Markierung,Andacht,"['Tree', 'motorcycle', 'Particle accelerator', 'Sandcastle', 'Equal Opportunities Officer', 'Voicemail', 'Abrasion', 'Leatherale', 'mark', 'Devotion']",92.13204
52,59.0,744,Medizin ,Haus ,Familie,Magie,Sport ,Liebe,Musik,Canelloni,Zeltlager ,Noten,"['medicine', 'House', 'Family', 'magic', 'Sports', 'Love', 'Music', 'Cannelloni', 'Campsite', 'Grades']",68.359085
53,60.0,750,Sonne,Auto,Schirm,Schlüssel,Feminismus ,Geburtstag ,Gesang,Wolle,Taschenlampe,Herausforderung ,"['Sun', 'automobile', 'umbrella', 'Key', 'feminism', 'Birthday', 'singing', 'Wool', 'flashlight', 'Challenge']",83.31935
54,61.0,755,Hass,Frieden,Baumhaus,Lackschuh,Erfrischungsgetränk,Musik,Stahlbetonwerk,Alien,Legislaturperiode,Temperatur,"['hate', 'Peace', 'tree house', 'Patent leather shoe', 'drink', 'Music', 'Reinforced concrete plant', 'Alien', 'Legislative', 'temperature']",81.715866
55,62.0,758,Stamm,Wal,Müllabfuhr,Fußballschuh,Strafe,Reifen,Erleuchtung,Handeln,Krankheit,Nihilismus,"['tribe', 'whale', 'Garbage collection', 'Football shoe', 'Penalty', 'Tires', 'Enlightenment', 'Act', 'Illness', 'nihilism']",84.73398
56,63.0,759,Stuhl,Begonie,Kalkstein,Rolladen,Hantel,Außenmauer,Muräne,Radiergummi,Fliegenpilz,Sarg,"['Chair', 'begonia', 'limestone', 'shutters', 'dumbbell', 'Outer wall', 'Moray', 'Eraser', 'Fly agaric', 'coffin']",89.88639
57,64.0,762,Bus,Rasenmäher,Struktur,Teppich,Fleischknödel,Perfektionismus,Smartphone,Katze,Horror,Lebenslauf,"['bus', 'mowing machine', 'structure', 'Carpet', 'Meat dumplings', 'perfectionism', 'smartphones', 'Cat', 'horror', 'CV']",90.209114
58,65.0,764,Stift,Buch,Zigarette,auto,regen,haus,pferd,telefon,balkon,adler,"['Pen', 'Book', 'Cigarette', 'automobile', 'rain', 'a house', 'horse', 'phone', 'balcony', 'Eagle']",79.20197
59,67.0,768,Buch,Stuhl,Fisch,Roller,Sonne,Asien,Kohlebergwerk,Telefon,Winterjacke,Laptop,"['Book', 'Chair', 'Fish', 'Scooters', 'Sun', 'Asia', 'Coal mine', 'phone', 'winter jacket', 'Laptop']",89.48617
60,68.0,769,Haus,Sprung,Nilpferd,Planet,Gold,Wut,Adverb,Liebe,Baum,Farbe,"['House', 'Leap', 'hippo', 'planet', 'gold', 'Fury', 'adverb', 'Love', 'Tree', 'Color']",85.794
61,69.0,771,Architektur,Monarchien ,haus ,Linguistik,Öl,kühlschrank ,Staubsauger ,Insekten ,Spielplatz ,Sprung,"['architecture', 'Monarchies', 'a house', 'linguistics', 'oil', 'refrigerator', 'Vacuum cleaner', 'insects', 'playground', 'Leap']",89.32981
62,70.0,772,Dachziegel,Kühlschrank,Computer ,Mond,Himbeerstrauch,Klapperschlange,Bein,Treppe,Zwerg,Kolben,"['Roof tiles', 'Refrigerator', 'computer', 'moon', 'Raspberry bush', 'rattlesnake', 'leg', 'Stairs', 'Dwarf', 'Pistons']",81.99218
63,71.0,773,hund,tisch,auto,blume,staubsauger,vogel,fisch,strand,berge,getränk,"['dog', 'table', 'automobile', 'flower', 'vacuum cleaner', 'bird', 'fish', 'beach', 'mountains', 'drink']",71.41684
64,74.0,782,Apfel,Bildfläche,Dach,Eberesche,Finanzierung,Grünspecht,Hausbau,Imker,Klammer,Mond,"['Apple', 'Image area', 'Roof', 'rowan', 'financing', 'Green Woodpecker', 'House building', 'beekeeper', 'bracket', 'moon']",91.51076
65,75.0,783,Tod,Apfel,Spirituell,Frieden,Freiheit,Erbarmen,Sexualität,Intersektionalität,Kindergarten,Ruhe,"['Death', 'Apple', 'Spiritual', 'Peace', 'Freedom', 'mercy', 'sexuality', 'Intersectionality', 'kindergarten', 'Quiet']",66.58159
66,76.0,784,Marketing,Blog,Reise,Zug,Schreiben,Stadt,Arbeit,Muschel,Schwimmen,Hund,"['marketing', 'Blog', 'Trip', 'Train', 'Write', 'City', 'Work', 'shell', 'To swim', 'Dog']",69.88082
67,77.0,785,Vogel,Plannungssicherheit,Bierflasche,Plüsch,Hocker,Steuererklräung,Wärmepumpe,Käse,Stuhl,Gläserei,"['Bird', 'security', 'bottle', 'Plush', 'stool', 'Tax return', 'Heat pump', 'Cheese', 'Chair', 'Glassworks']",76.91417
68,78.0,786,Musik,Essen,Urlaub,Nacht,Chemielabor,Montag,Computer,Studium,Selbstständigkeit,Umwelt,"['Music', 'Eat', 'Vacation', 'Night', 'Chemistry laboratory', 'Monday', 'computer', 'Studies', 'independence', 'Environment']",77.89572
69,79.0,790,Kompetenz,Aufstiegsmöglichkeiten,Flexibilität,Resilienz,Neutralität,Rethorik,Kunst,Herausforderung,Fairness,Konsequenz,"['competence', 'Opportunities for advancement', 'flexibility', 'Resilience', 'neutrality', 'Rhetoric', 'Art', 'Challenge', 'fairness', 'consequence']",72.25484
70,80.0,791,Stuhl,Dach,Teich,Fliegen,Schlaf,Hund,Efeu,Berg,Schraube,Wolke,"['Chair', 'Roof', 'Pond', 'Fly', 'Sleep', 'Dog', 'ivy', 'Mountain', 'screw', 'Cloud']",74.5468
71,81.0,794,Staat,Bürger,Medizin ,Gesundheit,Kreativität ,Bauern,Politik,Himmel ,Erde ,Feuer,"['Country', 'Citizens', 'medicine', 'Health', 'creativity', 'farmers', 'politics', 'Heaven', 'Earth', 'Fire']",64.188675
72,82.0,798,Kaktus ,Mama,Beteiligungsplattform,Vorlesungssaal,Kaffee,Schraubenzieher,Armut,Riesenrad,Hängematte,Demokratie,"['cactus', 'mummy', 'Participation platform', 'Lecture Hall', 'Coffee', 'screwdriver', 'Poverty', 'Ferris wheel', 'hammock', 'democracy']",86.59264
73,83.0,800,Aufgabe,Aufsatz,Licht,Größe,Fußabdruck,Boden,Welt,Bewegung,Gerät,Werk,"['Task', 'Essay', 'Light', 'Size', 'footprint', 'Floor', 'World', 'Movement', 'Device', 'plant']",77.39352
74,84.0,802,Weiher ,Wetter ,Wein,Gulasch ,Baum ,Quatsch , Masse ,Weihnachten ,Hagelschaden ,Closchüssel ,"['Pond', 'Weather', 'Wine', 'goulash', 'Tree', 'Nonsense', 'Dimensions', 'Christmas', 'Hail damage', 'toilet bowl']",85.71822
75,85.0,804,Sommer,Schnee,Wachskerze,Spülmittel,Stiletto,Videokasette,Fahrrad,Katzengras,Rotwein,Unkraut,"['Summer', 'Snow', 'candle', 'detergent', 'Stiletto', 'Videocassette', 'Bicycle', 'Cat grass', 'red wine', 'weed']",86.10712
76,86.0,805,Sonne,Schreibtisch,Psychologie ,Erfahrungen,Auto,Staubsauger,Regenbogen,Mädchen,Visitenkarte,Taschentuch,"['Sun', 'Desk', 'psychology', 'Experiences', 'automobile', 'Vacuum cleaner', 'Rainbow', 'Girl', 'Business card', 'Handkerchief']",80.61912
77,87.0,809,Wasserfall,Teppich ,Hunger,Wärme,Traum,Spiegel,Gesundheit,Fehler,Fahrgeschäft,Beleidigung,"['waterfall', 'Carpet', 'hunger', 'warmth', 'Dream', 'Mirror', 'Health', 'Mistake', 'Ride', 'Insult']",79.63931
78,88.0,810,tisch,fernseher,teppich,Ladekabel,glas,lampe,kerze,decke,jacke,schuh,"['table', 'TV', 'carpet', 'Charging cable', 'glass', 'lamp', 'candle', 'ceiling', 'jacket', 'shoe']",64.17169
79,93.0,820,Laptop,Ziege,Radiergummie,Rapper,Schnitzel,Mond,Illum,Relativitätstheorie,Macht,Feuer,"['Laptop', 'Goat', 'Eraser', 'rapper', 'Schnitzel', 'moon', 'illum', 'theory of relativity', 'Power', 'Fire']",88.39678
80,94.0,822,Stuhl,Wetter,Hund,Erde,Spielplatz,Kind,Foto,Prozent,Kaffee,Geld,"['Chair', 'Weather', 'Dog', 'Earth', 'playground', 'child', 'photo', 'percent', 'Coffee', 'Money']",74.07189
81,95.0,823,Sport,Vertrauen,Abfall,Bett,Rose,Buch,E-Bike,Winkel,Zehe,Tisch,"['Sports', 'Trust', 'Waste', 'Bed', 'rose', 'Book', 'E bike', 'angle', 'toe', 'Table']",82.55747
82,97.0,825,Hund,Himmel,Sarg,Obst,Handy,Uhrzeit,Wahrheit,Pyramide,Demokratie,Antarktis,"['Dog', 'Heaven', 'coffin', 'Fruit', 'mobile', 'time', 'Truth', 'pyramid', 'democracy', 'Antarctic']",74.90937
83,98.0,826,Baum,Wurst,Radiergummi,Ziegelstein,Zeitung,Babyhochstuhl,Schokolade,Krankenhaus,Graben,Kohlensäuresprudler,"['Tree', 'Sausage', 'Eraser', 'Brick', 'Newspaper', 'Baby highchair', 'Chocolate', 'hospital', 'dig', 'Carbon dioxide maker']",81.68779
84,99.0,827,Koriander,Maulwurf,Kruzifix,Abbiegespur,Landratsamt,Bongwasser,Dübel,Orbit,Sohle,Streaming,"['coriander', 'mole', 'crucifix', 'Turning lane', 'court House', 'Bong water', 'Dowel', 'orbit', 'sole', 'Streaming']",89.84477
85,101.0,830,Apfel,Fisch,Baum,Fahrrad,Ticket,Wolke,Wasser,Gitarre,Herz,Zigarette,"['Apple', 'Fish', 'Tree', 'Bicycle', 'ticket', 'Cloud', 'Water', 'guitar', 'Heart', 'Cigarette']",75.496544
86,102.0,832,Haus,Aktien,Studium,Blume,Urlaub,Wasser,Toleranz,Notizheft,Gesundheit,Wahrnehmung,"['House', 'Shares', 'Studies', 'flower', 'Vacation', 'Water', 'tolerance', 'notebook', 'Health', 'perception']",80.85568
87,103.0,838,Brot,Eierschalenseubruchstellenverursacher,Gold,Schraubenschlüssel,Aristokratie,Videospiel,Clown,Intimität,Magma,Axolotl,"['Bread', 'Eggshell breakage cause', 'gold', 'Wrench', 'aristocracy', 'Video game', 'clown', 'intimacy', 'magma', 'Axolotl']",89.399254
88,104.0,840,Essen ,Auto ,Klamotten ,Dusche ,Arbeit ,Wärme,Boden ,Decke ,Fuß ,Straßenbahn ,"['Eat', 'automobile', 'Clothes', 'Shower', 'Work', 'warmth', 'Floor', 'Ceiling', 'Foot', 'tram']",73.34869
89,105.0,841,Baum,Haus,Nudeln,Pinsel,Bett,Wolken,Computer,Gedanken,Hass,Mathematik,"['Tree', 'House', 'Pasta', 'Paint brush', 'Bed', 'Clouds', 'computer', 'Thoughts', 'hate', 'mathematics']",78.584274
90,106.0,842,Mäppchen,Fisch,Salatkopf,Schreibtisch,Rührgerät,Hut,Sattel,Tennisschläger,Klavier,Bettwäsche,"['pencil case', 'Fish', 'Head of lettuce', 'Desk', 'mixer', 'cap', 'saddle', 'Tennis racket', 'Piano', 'Bed linen']",86.686066
91,107.0,854,Pferd,Duden,Molekül,Ananas,Auto,Deo,Luftmatratze,Stethoskop,Flagge,Brunnen,"['Horse', 'Dictionary', 'molecule', 'pineapple', 'automobile', 'Deodorant', 'air mattress', 'stethoscope', 'flag', 'Spring']",88.44005
92,109.0,862,Meerjungfrau,Rubbellos,pädophilie,Sarkasmus,Apfel,Wahlurne,Bambus,Formel,Knast ,Kotze,"['Mermaid', 'Scratchcard', 'pedophilia', 'sarcasm', 'Apple', 'Ballot box', 'bamboo', 'formula', 'Prison', 'puke']",91.04242
93,110.0,867,Salatschüssel ,Dachs ,Flugzeug ,Mikroskop ,Zahl,Surfboard ,Bier,Opa,Rundfunk ,Ring ,"['Salad bowl', 'Badger', 'Airplane', 'microscope', 'Number', 'Surfboard', 'Beer', 'Grandpa', 'broadcast', 'ring']",86.608055
94,111.0,872,Strandkorb,Müsli,Markthalle,Teleskop,Baum,Lagerfeuer,Kamera,Physik,Buch,Insel,"['Beach chair', 'Muesli', 'Market Hall', 'telescope', 'Tree', 'Campfire', 'camera', 'physics', 'Book', 'Island']",86.596214
95,112.0,874,Solartechnologie,Vogelfutter,Herbst,Universum,Gehsteig,Freiheit,Musikinstrument,Buch,Gericht,Mitgefühl,"['Solar technology', 'Bird food', 'Autumn', 'universe', 'pavement', 'Freedom', 'musical instrument', 'Book', 'Court', 'compassion']",80.960014
96,113.0,875,Haus,Stift,Auto ,Name,Himmel ,Anwalt ,Briefmarke ,Kaffee,Urlaub ,Turban ,"['House', 'Pen', 'automobile', 'Surname', 'Heaven', 'Attorney', 'Stamp', 'Coffee', 'Vacation', 'turban']",83.355125
97,114.0,879,Zug,Fruchtblase,Schraubenzieher ,Limette,Schauspielerin,Schrebergarten,Insel,Wachs,Innentasche,Scheuklappen,"['Train', 'Amniotic sac', 'screwdriver', 'lime', 'actress', 'Allotment garden', 'Island', 'wax', 'Inside pocket', 'Blinders']",90.109856
98,115.0,882,Konzert,Motorhaube,Rasen,Geschmack ,Shisha,Klopapier,Brille,Zehennagel ,Bowlingpin,Fensterbrett,"['concert', 'Engine Hood', 'grass', 'taste', 'Hookah', 'toilet paper', 'Glasses', 'toenail', 'bowling pin', 'windowsill']",83.082054
99,116.0,883,Tod,Lakritz ,Insel,Pyjama,Mond,Luftblase ,Sofa,Antike ,Hörbuch,Pestizid,"['Death', 'licorice', 'Island', 'Pajamas', 'moon', 'air bubble', 'sofa', 'Antiquity', 'Audiobook', 'Pesticide']",83.94011
100,117.0,885,Apfel,Erde,Welle,Vorname,Computer,E-Mail,Papier,Maus,Wolke,Bleistift,"['Apple', 'Earth', 'Wave', 'First name', 'computer', 'e-mail', 'Paper', 'Mouse', 'Cloud', 'Pencil']",84.86749
101,118.0,888,Tasse,Wolke,Baum,Straße,Buch,Computer,Auto,Pullover,Regenschirm,Fenster,"['Cup', 'Cloud', 'Tree', 'Street', 'Book', 'computer', 'automobile', 'pullover', 'umbrella', 'Window']",80.70609
102,119.0,891,Regen,Nudelsieb,Anwendungskontext,Silbentrennung,Affenbrotbaum,Audiothek,Staubsauger,Bräunungsstreifen,Hochzeit,Erbschaft,"['Rain', 'strainer', 'Application context', 'Hyphenation', 'Baobab', 'Audio library', 'Vacuum', 'Tan lines', 'Wedding', 'heritage']",91.144455
103,120.0,892,Autobahn,Kreativität,Universum,Anis,Haifisch,Vertrag,Nachhaltigkeit,Teppich,Haar,Pistole,"['Highway', 'creativity', 'universe', 'anise', 'shark', 'Contract', 'sustainability', 'Carpet', 'hair', 'gun']",89.18216
104,121.0,893,Kühlschrank,Liebe,Rhythmus,Angepasstheit,Gehör,Webseite,Borstenschwein,Nagel,Rand,Art,"['Refrigerator', 'Love', 'rhythm', 'Adaptability', 'Hearing', 'website', 'Bristle pig', 'nail', 'edge', 'Type']",85.77637
105,122.0,894,Gesetz,Fußball,Geschlechtsteil ,Marmelade,Schlüssel,Hochhaus,Glück,Kaffee,Schatten,Sieg,"['Law', 'football', 'genitals', 'jam', 'Key', 'skyscraper', 'Luck', 'Coffee', 'Shadow', 'victory']",87.24603
106,123.0,895,Verordnung,Sekretariat,Verbrennungsmotor,Reinigungsanlage,Achtsamkeit,Supernova,Arbeitslosigkeit,Telefonie,Industrialisierung,Moderator,"['regulation', 'office', 'Combustion engine', 'Cleaning system', 'Mindfulness', 'Supernova', 'unemployment', 'Telephony', 'industrialization', 'Host']",89.67027
107,124.0,896,Baum,Kirche,Handball,Smartphone,Glas ,Nuss,Kerze,Himmel,Bild,Heizung,"['Tree', 'Church', 'Handball', 'smartphones', 'Glass', 'nut', 'Candle', 'Heaven', 'Picture', 'Heating']",84.10705
108,126.0,899,Baum,Stuhl,Tiere,Stab,Brille,Schuhe,Schrank,Boden,Auto,Wasser,"['Tree', 'Chair', 'Animals', 'Rod', 'Glasses', 'Shoes', 'Wardrobe', 'Floor', 'automobile', 'Water']",76.363754
109,127.0,902,Balkon,Fahrrad,Haferflocken,Leuchtturm,Smartphone,Schuhe,Bilderrahmen,Karton,Ball,Ampel,"['balcony', 'Bicycle', 'oatmeal', 'lighthouse', 'smartphones', 'Shoes', 'Picture Frame', 'Cardboard', 'ball', 'Traffic light']",86.46645
110,128.0,903,Meer,Krieg,Made,Planet,Kratzer,Liebe,Milch,Korallenriff,Ruß,Wirtschaft,"['sea', 'War', 'Made', 'planet', 'scratch', 'Love', 'milk', 'Coral reef', 'soot', 'Business']",72.08398
111,129.0,904,Buch ,Apotheke,Pflanze,Sport,Weltall,Wohnung,Internet ,Kaffee,Tod,Musik,"['Book', 'Pharmacy', 'plant', 'Sports', 'space', 'Apartment', 'Internet', 'Coffee', 'Death', 'Music']",78.00799
112,130.0,905,Stift,Flasche,Urlaub,Auto,Kaugummi,Hilflosigkeit,Scheinwerfer,Grill,Prinzessin,Dosenöffner,"['Pen', 'Bottle', 'Vacation', 'automobile', 'chewing gum', 'helplessness', 'Headlights', 'grill', 'princess', 'tin opener']",85.11569
113,131.0,906,Pfannkuchen,Stein,Raumstation,Pflanzen,Höhlenforscher,Musikindustrie,Neuralwissenschaften,Antike Architektur,Kinderspielplatz,Philosophiestudium,"['pancakes', 'Stone', 'Space station', 'Plant', 'explorer', 'Music industry', 'Neural Sciences', 'architecture', 'playground', 'Philosophy']",84.14629
114,132.0,907,Fenster,Auto,Banane,Serie,Schuhe,Zahnpasta,Wohnung,Tier,Fußball,Gehweg,"['Window', 'automobile', 'banana', 'series', 'Shoes', 'toothpaste', 'Apartment', 'animal', 'football', 'Go away']",84.78106
115,133.0,908,Katze,Regenbogen,Winter ,Schuppen,Turnschuhe,Hammer,Gespräch,Altenheim ,Verein,Giraffe ,"['Cat', 'Rainbow', 'winter', 'Dandruff', 'sneakers', 'hammer', 'Conversation', 'Old peoples home', 'Association', 'giraffe']",83.08675
116,135.0,911,Apfel,Hund,Kaffee,Tasse,Fischfang,Hochschule,Laptop,Essen,Spaziergang,Händewaschen,"['Apple', 'Dog', 'Coffee', 'Cup', 'Fishing', 'University', 'Laptop', 'Eat', 'Stroll', 'Wash your hands']",75.21321
117,136.0,912,Arbeitslosigkeit,Hass,Tod,Studium,Mensch,Liebhaber,Raketenwissenschaften,Apfel,Effektivität,Karte,"['unemployment', 'hate', 'Death', 'Studies', 'Person', 'Lover', 'Rocket Science', 'Apple', 'effectiveness', 'Map']",76.539246
118,137.0,913,Baum,Tisch,Zug,Mädchen,Pferd,Polster,Musik,Antennen,Kraftfahrzeug,Wiese,"['Tree', 'Table', 'Train', 'Girl', 'Horse', 'pad', 'Music', 'Antennas', 'Motor vehicle', 'Meadow']",75.480064
119,138.0,915,Stuhl,Fluss,Flugzeug,Tandem ,Motorradhelm ,Nagelschere,Toaster,Rasenmäher,Farbkasten,Psychotherapie,"['Chair', 'Flow', 'Airplane', 'tandem', 'Motorcycle helmet', 'Nail scissors', 'Toaster', 'mowing machine', 'Paint box', 'psychotherapy']",89.96516
120,139.0,917,Handball,Sonnenblume,Lötkolben,Tastatur,Tattoo,Pfefferspray,Flipflop,Sprühsahne,Goldmedaille,Zehnagel,"['Handball', 'Sunflower', 'soldering iron', 'Keyboard', 'Tattoo', 'pepper spray', 'Flip flop', 'cream', 'medal', 'toenail']",86.890465
121,140.0,918,Baum,Taxis,Milch,Musik,Tür,Schraubenschlüssel,Maus,Hindernis,Ergebnis,Kabel,"['Tree', 'Taxi', 'milk', 'Music', 'door', 'Wrench', 'Mouse', 'obstacle', 'Result', 'Cable']",81.86229
122,141.0,919,Floh,Stuhl,Auto,Wand,Urwald,Papier,Himmel,Arbeit,Friseur,Brücke,"['Escaped', 'Chair', 'automobile', 'Wall', 'jungle', 'Paper', 'Heaven', 'Work', 'Barber', 'Bridge']",80.047676
123,142.0,920,Apfelbaum,Haus,Nebenjob,Tochter,Kuchen,Elch,Wasser,Pilz,Virus,Bohrer,"['Apple tree', 'House', 'Part-time job', 'Daughter', 'Cake', 'Moose', 'Water', 'Mushroom', 'virus', 'drill']",77.14391
124,143.0,921,"Aufgabenstellung schwammig, d.h. ""irgendein wort?""",Fernseher,Lampe,Intellekt,Neugier,Verwirrung,Kritik,Hinterfrahung,Sommer,Hunger,"['Task vague', 'i.e. any word?', 'TV', 'lamp', 'intellect', 'curiosity', 'confusion', 'criticism', 'Questioning', 'Summer', 'hunger']",73.48586
125,144.0,922,Laptop,Maus,Haus,Mikroskop,Wolke,Stadt,Plan,Hundehaufen,Teller,Baum,"['Laptop', 'Mouse', 'House', 'microscope', 'Cloud', 'City', 'plan', 'Dog poop', 'Plate', 'Tree']",78.895325
126,145.0,923,Computer,Tasse,Geranie,Wellensittich,Ergometer,Dose,Taschenrechner,Tapete,Termin,Email,"['computer', 'Cup', 'geranium', 'Budgerigar', 'Ergometer', 'Can', 'calculator', 'wallpaper', 'meeting', 'E-mail']",88.718575
127,146.0,924,Zigaretten ,Strandkorb ,Flugzeug ,Hafen ,Sonne ,Meer,Essen ,Handy,Tretboot ,Tasche ,"['Cigarettes', 'Beach chair', 'Airplane', 'Harbor', 'Sun', 'sea', 'Eat', 'mobile', 'Pedal boat', 'Bag']",75.90102
128,147.0,925,Regal,Zeit,Demokratie,Katze,Sex,Messbarkeit,Wolke,Mietvertrag,Kind,Farn,"['shelf', 'Time', 'democracy', 'Cat', 'sex', 'Measurability', 'Cloud', 'rental contract', 'child', 'fern']",78.50827
129,148.0,927,Staubsauger ,Sand,Sport,Rucksack ,Tor ,Fußball ,Sonne,Freunde,Spielplatz ,Schaukel,"['Vacuum cleaner', 'sand', 'Sports', 'Backpack', 'Goal', 'football', 'Sun', 'Friends', 'playground', 'Swing']",75.91453
130,149.0,928,Banane,Gleitzeit,Haus,Wolke,Tafel,Pampasgras,Jacke,Stein,Nagellack,Pferd,"['banana', 'flexible working hours', 'House', 'Cloud', 'blackboard', 'Pampas grass', 'Jacket', 'Stone', 'nail polish', 'Horse']",80.755325
131,150.0,943,Natur,Erfolg,Kaugummi,Sonnenaufgang,Gedanken,Alkohol,Glaube,Spiel,Tätigkeit,Verhalten,"['Nature', 'Success', 'chewing gum', 'sunrise', 'Thoughts', 'alcohol', 'Believe', 'Game', 'Task', 'Behave']",73.63397
132,151.0,945,Rollschuhe,Katze,Festival,Maus,Glas,Straße,Uhr,Blume,Spaß,Psychologie,"['roller skates', 'Cat', 'festival', 'Mouse', 'Glass', 'Street', 'Clock', 'flower', 'Fun', 'psychology']",85.23369
133,152.0,946,Liebe,Konsum,Gewalt,Reise,Wissen,Räumung,Kartoffeln,Wal,Lärm,Ekel,"['Love', 'consumption', 'Violence', 'Trip', 'To know', 'eviction', 'potatoes', 'whale', 'Noise', 'disgust']",84.237946
134,153.0,947,Lehrer,Wiese,Urlaub,Lamm,Hubschrauber,Kante,Hopfen,Gericht,Mayonaise,Anschlag,"['Teacher', 'Meadow', 'Vacation', 'lamb', 'helicopter', 'Edge', 'hop', 'Court', 'Mayonnaise', 'attack']",83.21589
135,154.0,949,Meer,Zaun,Basketball,Fuß,Lampe,Gerechtigkeit,Brot,Frage,Religion,Universum,"['sea', 'Fence', 'basketball', 'Foot', 'lamp', 'justice', 'Bread', 'Ask', 'religion', 'universe']",80.55626
136,155.0,950,Auto,Fahrrad,Gebäude,Ampel,Straße,Restaurant,Park,Baum,Mülleimer,Wasserspeier,"['automobile', 'Bicycle', 'Building', 'Traffic light', 'Street', 'restaurant', 'park', 'Tree', 'Garbage can', 'Gargoyle']",65.265915
137,156.0,953,Reifen,Schüssel,Sitzbank,Papagei,Jazz,Kopf,Pizza,Bürgermeister ,Trompete,Himmel,"['Tires', 'Bowl', 'Bench', 'Parrot', 'jazz', 'Head', 'Pizza', 'mayor', 'Trumpet', 'Heaven']",80.76371
138,157.0,955,Haus,Vogel,Unbehagen,Neutralität,Frieden,Marktforschung,Konsonanz,Hitze,Erde,Leben,"['House', 'Bird', 'Discomfort', 'neutrality', 'Peace', 'Market research', 'consonance', 'heat', 'Earth', 'Life']",83.46738
139,158.0,964,Tasse,Kerze,Pflanze,Stift,Bild,Kalender,Schrank,Dusche,Schuh,Fenster,"['Cup', 'Candle', 'plant', 'Pen', 'Picture', 'calendar', 'Wardrobe', 'Shower', 'shoe', 'Window']",78.074905
140,159.0,970,Schuh,Apfel,Maus,Fabrik,Gold,Koffein,Liebe,Klimawandel,Terror ,Surfen,"['shoe', 'Apple', 'Mouse', 'Factory', 'gold', 'caffeine', 'Love', 'Climate change', 'terror', 'surfing']",79.80359
141,160.0,971,Schuh,Buch,Auto,Einkauf,Brille,Spiegel,Straße,Muster,Leinwand,Löffel,"['shoe', 'Book', 'automobile', 'Shopping', 'Glasses', 'Mirror', 'Street', 'Pattern', 'canvas', 'Spoon']",75.04855
142,161.0,972,Wohlwollen,Betriebswirtschaftslehre,Sofa,Pferd,Feuer,Sporthose,Atmung,Spaß,Nudeln,Schirm,"['Benevolence', 'Business Administration', 'sofa', 'Horse', 'Fire', 'Sports pants', 'breathing', 'Fun', 'Pasta', 'umbrella']",84.32252
143,162.0,973,Ökosystem,Baum ,Hose,Flaschen,Marke,Gender,Ruhe,Savanne,Glasscheibe,Blumenwiese,"['Ecosystem', 'Tree', 'trousers', 'Bottles', 'brand', 'Gender', 'Quiet', 'savannah', 'Glass pane', 'Flower meadow']",85.24746
144,163.0,974,hübsch,Hässlich ,Groß ,Klein,Dick,Dünn ,Krank,Gesund,Schmal,Breit,"['pretty', 'Ugly', 'Large', 'Small', 'Thick', 'Thin', 'Sick', 'Healthy', 'Narrow', 'Broad']",56.251152
145,164.0,976,Wahrheit,Haus,Vertrag,Lügner,Nasenbär,Postkarte,Pusteblume,Urgroßvater,Videospiel,Heiligtum,"['Truth', 'House', 'Contract', 'Liar', 'Coati', 'postcard', 'Dandelion', 'Great-grandfather', 'Video game', 'sanctuary']",87.418434
146,165.0,977,Brathering ,Autorennen,Mistelzweig ,Vollendung,Abendrot,Flexibilität ,Alternativroute,Andersartig,Vertrauenswürdigkeit,Löwe,"['Fried herring', 'Car racing', 'Mistletoe', 'completion', 'Sunset', 'flexibility', 'Alternative route', 'Different', 'trustworthiness', 'Lion']",87.49939
147,166.0,978,Busbahnhof,Flaschenhals ,Musiker,Hubwagen ,Kleiderschrank ,Verbrecher,Deodorant ,Jäger ,Programmierung ,Abschluss,"['bus station', 'Bottleneck', 'musician', 'Forklift truck', 'Wardrobe', 'Criminal', 'deodorant', 'hunter', 'programming', 'Diploma']",89.01822
148,167.0,980,Sonne,Buch,Nagel,Demokratie ,Heimat,Waschbär ,Verhandlung ,Moral,Zug,Wasser,"['Sun', 'Book', 'nail', 'democracy', 'Hometown', 'racoon', 'Negotiation', 'Moral', 'Train', 'Water']",88.770035
149,168.0,981,Affe,Autobahn,Reitstall,Schnuller,Kaugummi,Zahnspange,Papierkorb,Lederhose,Lampe,Lexikon,"['Ape', 'Highway', 'Riding stable', 'dummy', 'chewing gum', 'braces', 'Trash', 'Leather trousers', 'lamp', 'Lexicon']",86.17488
150,169.0,982,Kerze,Straße,Brust,Zahn,Holzplock,Werbung,Wasser,Profi,Nacht,Kartoffel,"['Candle', 'Street', 'Breast', 'Tooth', 'Wooden peg', 'Advertising', 'Water', 'professional', 'Night', 'Potato']",80.52368
151,170.0,985,Baum,Hund,Handy,Blume,Flasche,Lampe,Stuhl,Tisch,Stift,Sonne,"['Tree', 'Dog', 'Mobile', 'flower', 'Bottle', 'lamp', 'Chair', 'Table', 'Pen', 'Sun']",74.24803
152,171.0,986,Regenbogen,Wischmopp,Holzfäller,Leuchtturm,Marienkäfer,Landebahn,Aktenzeichen ,Feuermelder,Textilfabrik ,Aquarellmaler ,"['Rainbow', 'Mop', 'lumberjack', 'lighthouse', 'Ladybug', 'Runway', 'File number', 'alarm', 'factory', 'Watercolor painter']",84.72324
153,172.0,987,Hund,Baum,Auto,Bürgersteig,Schüssel,Kühlschrank,Buch,Messer,Sonne,X-Box,"['Dog', 'Tree', 'car', 'sidewalk', 'Bowl', 'Refrigerator', 'Book', 'Knife', 'Sun', 'Xbox']",76.19549
154,173.0,988,Baum,Eierbecher,Satellit,Mindmap,Erdöl,Grenzübergang,Schriftrolle,Spritze,Gesang,Fallschirm,"['Tree', 'Egg cup', 'satellite', 'Mind map', 'oil', 'Border crossing', 'Scroll', 'Injection', 'singing', 'Parachute']",93.1762
155,174.0,989,Auto,Vanilleeis,Waldsee,Hammer,Narzisse,Findling,Bahnübergang,Kartoffelsalat,Jeans,Laptop,"['car', 'ice', 'Lake', 'hammer', 'daffodil', 'Boulder', 'Railway', 'potato salad', 'jeans', 'laptop']",79.85514
156,175.0,990,Telefon,Elefant,Schnitzel,Blumen,Fahrrad,Reise,Kino,Terasse,Sonne,Marmor,"['phone', 'elephant', 'Schnitzel', 'Flowers', 'Bicycle', 'Trip', 'cinema', 'Terrace', 'Sun', 'Marble']",84.28804
157,176.0,991,Baum,Spritze,Regal,Brot,Sprichwort,Balken,Ring,Wattestäbchen,Schublade,Kondom,"['Tree', 'Injection', 'shelf', 'Bread', 'Proverb', 'beam', 'ring', 'Cotton swabs', 'Drawer', 'condom']",82.809135
158,177.0,992,Geige,Reise,Geschichte,Abend,Schwester,Verbreitung,Hindernis,Licht,Tinte,Vulkan,"['violin', 'Trip', 'Story', 'Evening', 'Sister', 'spread', 'obstacle', 'Light', 'ink', 'volcano']",78.357994
159,178.0,993,Haus,Pferd,Liebe,Jungfrau,Loch,Modell,Hafen,Teller,Sprung,Werkzeug,"['House', 'Horse', 'Love', 'Virgo', 'Hole', 'Model', 'Harbor', 'plate', 'Jump', 'Tool']",76.45059
160,179.0,994,Löffel,Bühne,Fingernagel,Flugzeug,Schnorchel,Baum,Katze,Forelle,Stein,Schnee,"['Spoon', 'stage', 'fingernail', 'Airplane', 'snorkel', 'Tree', 'Cat', 'trout', 'Stone', 'Snow']",81.72797
161,180.0,995,Netz,Liebe,Auto,Meer,Sterne,Krokodil,Spülmaschine,Kerwabaum,Bier,Fuß,"['network', 'Love', 'car', 'sea', 'Stars', 'crocodile', 'dishwasher', 'Kerwa tree', 'Beer', 'Foot']",84.092674
162,182.0,997,Löffel ,Schneeglöckchen,Murmeltier,Feuerzeug ,Lexikon,Kopfkissen ,Haarbürste ,Stecdose,Puppe ,Gießkanne ,"['Spoon', 'snowdrop', 'marmot', 'Lighter', 'Lexicon', 'Pillow', 'hairbrush', 'Socket', 'Doll', 'watering can']",86.41373
163,183.0,999,Thailand ,Berlin,Micky Mouse ,Gewichtheber,T-Shirt ,Haare,Brille,Gitarre ,Schule ,Sonne ,"['Thailand', 'Berlin', 'Mickeye', 'Weightlifter', 'Shirt', 'Hair', 'Glasses', 'guitar', 'School', 'Sun']",79.733154
164,184.0,1000,Papier,Tastatur,Klemmbausteine,Uhrenarmband,Kabel,Handy,Rasen,Himmel,Nacht,Sport,"['Paper', 'Keyboard', 'Interlocking blocks', 'Watch strap', 'Cable', 'Mobile', 'Race', 'Heaven', 'Night', 'sport']",91.238556
165,185.0,1001,Auto,Hund,Käse,Glück,Sauerstoff,Glas,Organisation,Talent,Geld,Kissen,"['car', 'Dog', 'Cheese', 'Luck', 'oxygen', 'Glass', 'organization', 'talent', 'Money', 'Pillow']",80.90239
166,186.0,1003,Flasche,Stuhl,Regenschirm,Schere,Buch,Fernseher,Pflanze,Feuerzeug,Kondom,Handtuch,"['Bottle', 'Chair', 'umbrella', 'Scissors', 'Book', 'TV', 'plant', 'Lighter', 'condom', 'Hand towel']",77.94782
167,187.0,1005,Apfel,Computer,Kohlenstoff,Unterricht,Locher,Wolke,Fingernagel,Nomen,App,Zahl,"['Apple', 'computer', 'carbon', 'Instruction', 'punch', 'Cloud', 'fingernail', 'noun', 'App', 'Number']",81.58021
168,188.0,1006,Hund,Kamera,Belistift,Stickkleid,Türgriff,Spaghetti,Rose,Wolke,Auto,Kruste,"['Dog', 'camera', 'Beli pencil', 'Embroidered dress', 'Door handle', 'spaghetti', 'rose', 'Cloud', 'car', 'crust']",81.51363
169,189.0,1007,Telefon,Mutter,Griff,Shirt,Haus,Waschmaschine,Tasse,Mond,Meer,Atom,"['phone', 'Mother', 'Handle', 'T-Shirt', 'House', 'washing machine', 'cup', 'moon', 'sea', 'atom']",75.112595
170,190.0,1008,Handy,Baum,Schmuck,Hörsaal,Krankenhaus,Bank,Katze,Gummistiefel,Brötchen,Fahrrad,"['Mobile', 'Tree', 'Jewelry', 'Lecture Hall', 'hospital', 'bank', 'Cat', 'Rubber boots', 'Bread rolls', 'Bicycle']",76.24135
171,191.0,1009,Hund,Planet,Supermarkt,Haare,Konzert,Schimmel,Teppich,Zehnagel,Armband,Ampel,"['Dog', 'planet', 'supermarket', 'Hair', 'concert', 'Mold', 'Carpet', 'toenail', 'bracelet', 'Traffic light']",79.90178
172,192.0,1010,Farben,Essen,Gefühle,Wasser,Autos,Menschen,Tiere,Pflanzen,Lehrer,Chemie,"['Colors', 'Eat', 'Feelings', 'Water', 'Cars', 'People', 'Animals', 'Plant', 'Teacher', 'Chemistry']",69.04072
173,193.0,1013,Plastiktüte,Verwandtschaft,Foltergerät,Kommunismus,Musik,World Wide Web,Biologie-Projekt,Kuss,Sandstrand,Kätzchen,"['bag', 'relationship', 'Torture device', 'communism', 'Music', 'internet', 'Biology Project', 'kiss', 'beach', 'kitten']",80.9124
174,194.0,1014,Stadt,Auto,Hof,Ressource,Umwelt,Verkehsmittel,Innovation,Gemeinschaft,Ruhe,Energie,"['City', 'car', 'Courtyard', 'resource', 'Environment', 'Means of transport', 'innovation', 'Community', 'Quiet', 'energy']",69.97581
175,195.0,1015,Sitzbank,Steuern,Leinwand,Heizung,Nähen,Hund,Dach,Wald,Büroklammer,Kuscheltier,"['Bench', 'Steer', 'canvas', 'Heating', 'Sew', 'Dog', 'Roof', 'Forest', 'paper clip', 'Cuddly toy']",78.54621
176,196.0,1016,Groß ,Klein,Dick,Dünn ,Schmal,Breit,Bunt,Dunkel,Rund,Eckig ,"['Large', 'Small', 'Thick', 'Thin', 'Narrow', 'Broad', 'Colorful', 'Dark', 'Around', 'Square']",53.6789
177,197.0,1017,Hund,Bett,Zahnbürste,Auto,Sand,Uhr,Regal,Buch,Pflanze,Atom,"['Dog', 'Bed', 'toothbrush', 'car', 'sand', 'Clock', 'shelf', 'Book', 'plant', 'atom']",73.99915
178,198.0,1019,Brot,Stein,Meditation,Kernreaktor,Schachfigur,Hilfe,Extremsport,Satanismus,Abendkleid,Hörgerät,"['Bread', 'Stone', 'meditation', 'reactor', 'chessman', 'Help', 'Extreme sports', 'Satanism', 'dress', 'Hearings']",92.28713
179,199.0,1020,Wäschständer,Buch,Laptop,Wind,Blatt,Block,Kleiderbügel,Flugzeug,Auto,Kabel,"['Clothes horse', 'Book', 'laptop', 'wind', 'Sheet', 'block', 'Clothes hangers', 'Airplane', 'car', 'Cable']",88.70168
180,200.0,1022,Hund,Haus,Blume,Auto,Uni,Teppich,Wolken,Disco,Freunde,Aup,"['Dog', 'House', 'flower', 'car', 'University', 'Carpet', 'Clouds', 'Disco', 'Friends', 'Aup']",74.42145
181,201.0,1023,Frühstück,Arbeit,Lernen,Freunde,Familie,Urlaub,Spaß,Pflanze,Baby,Kerze,"['Breakfast', 'Work', 'Learn', 'Friends', 'Family', 'Vacation', 'Fun', 'plant', 'baby', 'Candle']",60.499794
182,202.0,1024,Wasser,Blattläuse,Hähnchenspießchen,Halogen,Reisetagebuch,Liebe,Haltung,Kapitän,Blaumeise,Hautkrebs,"['Water', 'Aphids', 'Chicken skewers', 'halogen', 'diary', 'Love', 'attitude', 'captain', 'tit', 'cancer']",89.12227
183,203.0,1025,Käse,Mond,Werbung,Tisch,Fasan,Leitplanke,Sicherheitsausgang,Elektrizität,Supermarkt ,Kleidung,"['Cheese', 'moon', 'Advertising', 'Table', 'pheasant', 'Guardrail', 'Safety exit', 'electricity', 'supermarket', 'Clothing']",88.00919
184,204.0,1026,Schwimmbad,Fußball,Kuchen,Schraube,Baum,Kerze,Pfanne,Zelt,Tafel,Rreifen,"['Swimming pool', 'football', 'Cake', 'screw', 'Tree', 'Candle', 'Pan', 'Tent', 'Board', 'Tires']",74.521965
185,205.0,1027,Liebe,Gerechtigkeit,Olympia,Kunst,Verlagswesen,Hunger,Depression,Umweltaktivismus,Persönlichkeit,Bilderrahmen,"['Love', 'justice', 'Olympics', 'Art', 'Publishing', 'hunger', 'depression', 'Environmental activism', 'personality', 'Picture frames']",73.35231
186,0.0,480,Baum,Auto,Notizblock,Weltraumkolonisation,Migrationspolitik,Ernährungswissenschaft,Kindergeburtstag,Körperverletzung,Vorfahren,Musikfestival,"['Tree', 'automobile', 'notepad', 'colonization', 'geopolitics', 'nutritional science', 'Children birthday', 'Assault', 'ancestors', 'Festival']",88.03426
187,,574,Drawing ,Reading ,View ,Organize ,Style ,Vacation ,Travel,Eat,Outfit ,Drink,"['Drawing ', 'Reading ', 'View ', 'Organize ', 'Style ', 'Vacation ', 'Travel', 'Eat', 'Outfit ', 'Drink']",73.008934
188,,658,Duvet,Nail,Carpet,Grater,Tree,Fish,Book,Glue,Earring,Speaker,"['Duvet', 'Nail', 'Carpet', 'Grater', 'Tree', 'Fish', 'Book', 'Glue', 'Earring', 'Speaker']",83.14934
189,,689,computer,rabbit,fan,tissue,cloud,romantic,punch,fun,number,click,"['computer', 'rabbit', 'fan', 'tissue', 'cloud', 'romantic', 'punch', 'fun', 'number', 'click']",80.9245
190,,694,chair,potato,umbrella,snowball,tree,laptop,rainbow,toilet ,window,wallpaper,"['chair', 'potato', 'umbrella', 'snowball', 'tree', 'laptop', 'rainbow', 'toilet ', 'window', 'wallpaper']",76.02298
191,,706,Philosophy ,Wood,Beer,Culture,Beach,Tree,Flower,Slippers,Mountain ,Coffee,"['Philosophy ', 'Wood', 'Beer', 'Culture', 'Beach', 'Tree', 'Flower', 'Slippers', 'Mountain ', 'Coffee']",73.93083
192,,737,love,feather,sunset,tea,button,pasta,soulmate,bicycle,home,fire,"['love', 'feather', 'sunset', 'tea', 'button', 'pasta', 'soulmate', 'bicycle', 'home', 'fire']",80.61787
193,,766,Dragon ,People ,bicycle ,Clock,sword ,Police ,cigarette ,Movie ,universe ,power,"['Dragon ', 'People ', 'bicycle ', 'Clock', 'sword ', 'Police ', 'cigarette ', 'Movie ', 'universe ', 'power']",77.16774
194,,777,dog,woman,computer,time,novel,cloth,football,window,art,stone,"['dog', 'woman', 'computer', 'time', 'novel', 'cloth', 'football', 'window', 'art', 'stone']",77.24332
195,,779,Egg,Hand,House,Happiness,Rain,Tree,Alcohol,Car,Picture,Tribe,"['Egg', 'Hand', 'House', 'Happiness', 'Rain', 'Tree', 'Alcohol', 'Car', 'Picture', 'Tribe']",72.29316
196,,812,yes,no,you,We,scoff,caress,above,under,polls,interrogations,"['yes', 'no', 'you', 'We', 'scoff', 'caress', 'above', 'under', 'polls', 'interrogations']",67.0349
197,,814,Car,Ship,Frog,Glass,Mirror,Chip,Brain,Lighter,Fire,Hair,"['Car', 'Ship', 'Frog', 'Glass', 'Mirror', 'Chip', 'Brain', 'Lighter', 'Fire', 'Hair']",75.819786
198,,815,ocean,cat,rainbow,clock,desert,festival,volcano,puzzle,balloon,winter,"['ocean', 'cat', 'rainbow', 'clock', 'desert', 'festival', 'volcano', 'puzzle', 'balloon', 'winter']",76.33408
199,,817,Ball,Car,Wall,Tire,Chair,Leg,Hair,TV,Stairs,Lawn Mower,"['Ball', 'Car', 'Wall', 'Tire', 'Chair', 'Leg', 'Hair', 'TV', 'Stairs', 'Lawn Mower']",69.28841
200,,824,Tea,Mop,Notebook,Wall,Leaf,Cross,Fabric,Gem,Fan,Urn,"['Tea', 'Mop', 'Notebook', 'Wall', 'Leaf', 'Cross', 'Fabric', 'Gem', 'Fan', 'Urn']",74.73441
201,,829,Cement,Hospital,Sky,Animal,Air conditioning,Gift,Bookstore,Flower,Spice,Vault,"['Cement', 'Hospital', 'Sky', 'Animal', 'Air conditioning', 'Gift', 'Bookstore', 'Flower', 'Spice', 'Vault']",83.02374
202,,855,Watch,Helmet,Water,Food,Car,Book,Kite,Powerbank ,Spoon,Ball,"['Watch', 'Helmet', 'Water', 'Food', 'Car', 'Book', 'Kite', 'Powerbank ', 'Spoon', 'Ball']",77.068344
203,,897,Color,Building,Water,Molecule,Processor,Heart,Heaven,Shoe,Plate,Planet,"['Color', 'Building', 'Water', 'Molecule', 'Processor', 'Heart', 'Heaven', 'Shoe', 'Plate', 'Planet']",79.86745
204,,910,Psychology,Blade,Book,Sock,Game,Animation,Speech,Oil,Nail,Snake,"['Psychology', 'Blade', 'Book', 'Sock', 'Game', 'Animation', 'Speech', 'Oil', 'Nail', 'Snake']",82.602844
205,,996,Asteroid,Pillow,Nail,Grass,University,Consumption,Impression,Electricity,Creme,Surgeon,"['Asteroid', 'Pillow', 'Nail', 'Grass', 'University', 'Consumption', 'Impression', 'Electricity', 'Creme', 'Surgeon']",85.929596
